epoch,loss,policy_loss,kl_penalty,reward_mean,reward_std,clip_fraction,approx_kl,advantage_mean,grad_norm,adv_saturation,adv_zero_rate,group_size,trained_prompt_num,r_ocr
0,0.000152,0.000143,0.000225,0.4165,0.3417,0.2969,0.000005,-0.000000,0.003748,0.0000,0.0312,8.00,8,0.4165
1,0.000153,0.000131,0.000556,0.4157,0.3518,0.2540,0.000001,0.000000,0.002743,0.0000,0.1562,8.00,16,0.4157
2,0.000060,0.000029,0.000775,0.3590,0.3360,0.1726,0.000000,0.000000,0.002884,0.0000,0.1250,8.00,24,0.3590
3,0.000065,0.000038,0.000672,0.5282,0.3444,0.1372,0.000000,-0.000000,0.002669,0.0000,0.0000,8.00,32,0.5282
4,0.000066,0.000042,0.000601,0.3934,0.3060,0.1319,0.000000,0.000000,0.002741,0.0000,0.0156,8.00,40,0.3934
5,0.000062,0.000023,0.000958,0.3464,0.3604,0.1181,0.000000,0.000000,0.003534,0.0000,0.0156,8.00,48,0.3464
6,0.000059,0.000030,0.000732,0.4557,0.3654,0.1319,0.000000,0.000000,0.002277,0.0000,0.0156,8.00,56,0.4557
7,0.000036,0.000003,0.000825,0.5567,0.3349,0.1052,0.000000,0.000000,0.002291,0.0000,0.1250,8.00,64,0.5567
8,0.000040,0.000008,0.000801,0.5353,0.2920,0.0868,0.000000,0.000000,0.001568,0.0000,0.0156,8.00,72,0.5353
9,0.000039,0.000003,0.000921,0.4254,0.4198,0.0833,0.000000,0.000000,0.001502,0.0000,0.0000,8.00,80,0.4254
10,0.000048,0.000015,0.000814,0.4844,0.3263,0.0868,0.000000,-0.000000,0.003178,0.0000,0.0156,8.00,88,0.4844
11,0.000043,0.000010,0.000816,0.2684,0.3248,0.0794,0.000000,0.000000,0.001890,0.0000,0.1250,8.00,96,0.2684
12,0.000051,0.000018,0.000838,0.6603,0.3292,0.1146,0.000000,-0.000000,0.004266,0.0000,0.0000,8.00,103,0.6603
13,0.000040,0.000007,0.000829,0.2764,0.3074,0.0734,0.000000,0.000000,0.005005,0.0000,0.1406,8.00,111,0.2764
14,0.000043,0.000010,0.000837,0.3913,0.3438,0.1071,0.000000,-0.000000,0.001515,0.0000,0.1250,8.00,119,0.3913
15,0.000046,0.000007,0.000977,0.3017,0.3379,0.0787,0.000000,0.000000,0.002004,0.0000,0.2500,8.00,127,0.3017
16,0.000046,0.000006,0.000991,0.4921,0.3677,0.0712,0.000000,0.000000,0.001499,0.0000,0.0000,8.00,135,0.4921
17,0.000036,0.000002,0.000847,0.6387,0.3252,0.0642,0.000000,0.000000,0.001320,0.0000,0.0000,8.00,143,0.6387
18,0.000038,0.000005,0.000846,0.5172,0.3502,0.0712,0.000000,0.000000,0.001894,0.0000,0.0156,8.00,151,0.5172
19,0.000038,0.000003,0.000877,0.4499,0.3568,0.0774,0.000000,0.000000,0.001480,0.0000,0.1250,8.00,159,0.4499
20,0.000038,0.000001,0.000914,0.4473,0.3640,0.0573,0.000000,-0.000000,0.001193,0.0000,0.0000,8.00,8,0.4473
21,0.000038,0.000002,0.000905,0.4146,0.3047,0.0556,0.000000,0.000000,0.003069,0.0000,0.0312,8.00,16,0.4146
22,0.000038,0.000004,0.000853,0.2674,0.3219,0.0873,0.000000,-0.000000,0.002561,0.0000,0.1250,8.00,24,0.2674
23,0.000052,0.000011,0.001023,0.6006,0.3346,0.1076,0.000000,0.000000,0.002644,0.0000,0.0000,8.00,32,0.6006
24,0.000042,0.000004,0.000935,0.5276,0.3471,0.0694,0.000000,0.000000,0.001479,0.0000,0.0625,8.00,40,0.5276
25,0.000039,0.000003,0.000899,0.6245,0.3354,0.0642,0.000000,0.000000,0.001530,0.0000,0.0000,8.00,48,0.6245
26,0.000035,0.000003,0.000807,0.3268,0.3382,0.0476,0.000000,0.000000,0.001160,0.0000,0.1250,8.00,56,0.3268
27,0.000041,0.000001,0.000999,0.4436,0.3549,0.0590,0.000000,0.000000,0.001768,0.0000,0.0156,8.00,64,0.4436
28,0.000041,0.000008,0.000827,0.5374,0.3341,0.0799,0.000000,0.000000,0.001896,0.0000,0.0156,8.00,72,0.5374
29,0.000047,0.000011,0.000907,0.5436,0.3385,0.0938,0.000000,0.000000,0.003307,0.0000,0.0000,8.00,80,0.5436
30,0.000050,0.000008,0.001051,0.5151,0.3432,0.0920,0.000000,0.000000,0.001953,0.0000,0.0000,8.00,88,0.5151
31,0.000055,0.000010,0.001125,0.5629,0.2832,0.0781,0.000000,0.000000,0.002152,0.0000,0.0156,8.00,96,0.5629
32,0.000045,0.000005,0.001004,0.4404,0.3902,0.0712,0.000000,0.000000,0.001587,0.0000,0.0156,8.00,104,0.4404
33,0.000055,0.000015,0.001007,0.5309,0.3122,0.1128,0.000000,-0.000000,0.002446,0.0000,0.0000,8.00,112,0.5309
34,0.000036,0.000003,0.000805,0.5758,0.3650,0.0851,0.000000,0.000000,0.001598,0.0000,0.0000,8.00,120,0.5758
35,0.000071,0.000025,0.001151,0.6026,0.3218,0.1198,0.000000,-0.000000,0.004228,0.0000,0.0156,8.00,127,0.6026
36,0.000053,0.000014,0.000972,0.4255,0.3361,0.1024,0.000000,-0.000000,0.002189,0.0000,0.0000,8.00,135,0.4255
37,0.000050,0.000012,0.000965,0.4868,0.3606,0.0816,0.000000,-0.000000,0.001926,0.0000,0.0156,8.00,143,0.4868
38,0.000054,0.000015,0.000969,0.4786,0.3443,0.1007,0.000000,0.000000,0.004319,0.0000,0.0000,8.00,151,0.4786
39,0.000046,0.000006,0.001008,0.5121,0.3827,0.1215,0.000000,0.000000,0.002993,0.0000,0.0156,8.00,159,0.5121
40,0.000080,0.000033,0.001186,0.4333,0.3601,0.1441,0.000000,-0.000000,0.004262,0.0000,0.0000,8.00,167,0.4333
41,0.000111,0.000060,0.001263,0.5935,0.3694,0.1510,0.000001,-0.000000,0.004075,0.0000,0.0000,8.00,174,0.5935
42,0.000067,0.000021,0.001166,0.5637,0.3645,0.1493,0.000000,-0.000000,0.003188,0.0000,0.0469,8.00,182,0.5637
43,0.000075,0.000026,0.001222,0.5729,0.3007,0.1198,0.000000,-0.000000,0.007873,0.0000,0.0469,8.00,190,0.5729
44,0.000060,0.000012,0.001211,0.4808,0.3728,0.1215,0.000000,0.000000,0.001822,0.0000,0.0156,8.00,198,0.4808
45,0.000054,0.000015,0.000954,0.4716,0.3549,0.1007,0.000000,-0.000000,0.001588,0.0000,0.0156,8.00,206,0.4716
46,0.000049,0.000003,0.001161,0.6325,0.3185,0.0556,0.000000,-0.000000,0.001597,0.0000,0.0000,8.00,214,0.6325
47,0.000055,0.000010,0.001133,0.6244,0.2943,0.1059,0.000000,0.000000,0.006586,0.0000,0.0156,8.00,222,0.6244
48,0.000056,0.000012,0.001107,0.4846,0.3254,0.0853,0.000000,0.000000,0.001956,0.0000,0.1250,8.00,230,0.4846
49,0.000050,0.000006,0.001119,0.5113,0.3327,0.0764,0.000000,-0.000000,0.001839,0.0000,0.0000,8.00,238,0.5113
50,0.000054,0.000006,0.001208,0.5528,0.3368,0.1076,0.000000,0.000000,0.003121,0.0000,0.0156,8.00,246,0.5528
51,0.000060,0.000008,0.001296,0.2546,0.2682,0.0694,0.000000,0.000000,0.001691,0.0000,0.1562,8.00,254,0.2546
52,0.000055,0.000010,0.001129,0.5373,0.2792,0.0694,0.000000,-0.000000,0.001531,0.0000,0.0000,8.00,261,0.5373
53,0.000056,0.000006,0.001247,0.5598,0.3271,0.0764,0.000000,0.000000,0.002330,0.0000,0.0312,8.00,269,0.5598
54,0.000053,0.000006,0.001181,0.4516,0.3469,0.0615,0.000000,0.000000,0.001501,0.0000,0.1250,8.00,277,0.4516
55,0.000058,0.000003,0.001376,0.5638,0.3014,0.0764,0.000000,-0.000000,0.001552,0.0000,0.0000,8.00,285,0.5638
56,0.000054,0.000004,0.001254,0.3753,0.3209,0.0799,0.000000,0.000000,0.002191,0.0000,0.0000,8.00,293,0.3753
57,0.000056,0.000006,0.001249,0.2506,0.3057,0.0536,0.000000,-0.000000,0.001700,0.0000,0.1250,8.00,300,0.2506
58,0.000048,0.000004,0.001096,0.4952,0.3720,0.0764,0.000000,-0.000000,0.001251,0.0000,0.0000,8.00,307,0.4952
59,0.000050,0.000001,0.001242,0.5730,0.3153,0.0469,0.000000,0.000000,0.001420,0.0000,0.0156,8.00,315,0.5730
60,0.000056,0.000007,0.001210,0.5037,0.3379,0.0833,0.000000,0.000000,0.001628,0.0000,0.0000,8.00,323,0.5037
61,0.000051,0.000002,0.001219,0.4756,0.3500,0.0573,0.000000,-0.000000,0.002076,0.0000,0.0156,8.00,330,0.4756
62,0.000056,0.000002,0.001355,0.5214,0.3284,0.0972,0.000000,-0.000000,0.001415,0.0000,0.1250,8.00,337,0.5214
63,0.000051,0.000003,0.001197,0.7088,0.3189,0.0816,0.000000,-0.000000,0.001559,0.0000,0.0469,8.00,345,0.7088
64,0.000064,0.000015,0.001224,0.3822,0.4004,0.1233,0.000000,0.000000,0.002533,0.0000,0.0000,8.00,353,0.3822
65,0.000050,0.000006,0.001117,0.6622,0.3273,0.0747,0.000000,-0.000000,0.002076,0.0000,0.0000,8.00,361,0.6622
66,0.000060,0.000008,0.001318,0.4629,0.3277,0.0747,0.000000,0.000000,0.002476,0.0000,0.0156,8.00,369,0.4629
67,0.000049,0.000002,0.001170,0.4719,0.3745,0.0573,0.000000,0.000000,0.001049,0.0000,0.0000,8.00,377,0.4719
68,0.000051,0.000002,0.001213,0.5702,0.3352,0.0556,0.000000,0.000000,0.001338,0.0000,0.0000,8.00,384,0.5702
69,0.000053,0.000003,0.001237,0.5018,0.3455,0.0764,0.000000,0.000000,0.003746,0.0000,0.0000,8.00,392,0.5018
70,0.000079,0.000027,0.001299,0.3597,0.2843,0.1372,0.000000,-0.000000,0.003315,0.0000,0.0000,8.00,400,0.3597
71,0.000058,0.000009,0.001233,0.7869,0.2249,0.1042,0.000000,-0.000000,0.001715,0.0000,0.0156,8.00,408,0.7869
72,0.000053,0.000006,0.001176,0.4540,0.3942,0.0660,0.000000,0.000000,0.001245,0.0000,0.0000,8.00,416,0.4540
73,0.000056,0.000007,0.001221,0.6972,0.2895,0.0573,0.000000,-0.000000,0.001853,0.0000,0.0156,8.00,424,0.6972
74,0.000061,0.000015,0.001145,0.5715,0.3414,0.1111,0.000000,-0.000000,0.001596,0.0000,0.0156,8.00,432,0.5715
75,0.000054,0.000005,0.001243,0.5791,0.3767,0.0694,0.000000,-0.000000,0.001393,0.0000,0.0000,8.00,439,0.5791
76,0.000065,0.000011,0.001356,0.6021,0.3372,0.0903,0.000000,-0.000000,0.001864,0.0000,0.0000,8.00,447,0.6021
77,0.000056,0.000004,0.001306,0.4945,0.3684,0.0729,0.000000,-0.000000,0.001144,0.0000,0.0000,8.00,455,0.4945
78,0.000054,0.000003,0.001288,0.6187,0.2731,0.0382,0.000000,-0.000000,0.001425,0.0000,0.0625,8.00,463,0.6187
79,0.000062,0.000004,0.001457,0.5013,0.3770,0.0660,0.000000,-0.000000,0.001696,0.0000,0.0312,8.00,471,0.5013
80,0.000055,0.000004,0.001256,0.6334,0.3582,0.0365,0.000000,-0.000000,0.001147,0.0000,0.0000,8.00,479,0.6334
81,0.000055,0.000002,0.001328,0.5098,0.3280,0.0677,0.000000,0.000000,0.001740,0.0000,0.0156,8.00,487,0.5098
82,0.000067,0.000006,0.001513,0.4990,0.3252,0.0538,0.000000,0.000000,0.001941,0.0000,0.0000,8.00,495,0.4990
83,0.000052,0.000003,0.001224,0.5296,0.3836,0.0660,0.000000,0.000000,0.001213,0.0000,0.0469,8.00,503,0.5296
84,0.000052,-0.000001,0.001331,0.5579,0.3546,0.0365,0.000000,-0.000000,0.001311,0.0000,0.0000,8.00,511,0.5579
85,0.000047,0.000002,0.001122,0.5744,0.3425,0.0347,0.000000,-0.000000,0.001165,0.0000,0.0000,8.00,519,0.5744
86,0.000057,0.000002,0.001373,0.4601,0.3435,0.0590,0.000000,-0.000000,0.001405,0.0000,0.0000,8.00,527,0.4601
87,0.000054,-0.000000,0.001352,0.6097,0.2914,0.0556,0.000000,-0.000000,0.001191,0.0000,0.0625,8.00,535,0.6097
88,0.000059,0.000004,0.001375,0.6256,0.3314,0.0642,0.000000,-0.000000,0.001465,0.0000,0.0156,8.00,543,0.6256
89,0.000059,0.000004,0.001390,0.5259,0.3824,0.0734,0.000000,0.000000,0.001569,0.0000,0.1406,8.00,551,0.5259
90,0.000053,0.000002,0.001277,0.4901,0.2913,0.0590,0.000000,0.000000,0.002586,0.0000,0.0469,8.00,559,0.4901
91,0.000082,0.000025,0.001429,0.5543,0.3755,0.1233,0.000000,-0.000000,0.003594,0.0000,0.0000,8.00,567,0.5543
92,0.000189,0.000139,0.001250,0.5191,0.3654,0.2691,0.000001,-0.000000,0.012989,0.0000,0.0000,8.00,575,0.5191
93,0.000060,0.000007,0.001336,0.5178,0.3538,0.1024,0.000000,0.000000,0.001597,0.0000,0.0000,8.00,583,0.5178
94,0.000053,0.000002,0.001292,0.5072,0.3855,0.0615,0.000000,0.000000,0.001907,0.0000,0.1250,8.00,591,0.5072
95,0.000049,0.000001,0.001209,0.5910,0.3363,0.0747,0.000000,0.000000,0.001635,0.0000,0.0000,8.00,599,0.5910
96,0.000060,0.000012,0.001198,0.4946,0.3619,0.0938,0.000000,0.000000,0.013103,0.0000,0.0000,8.00,607,0.4946
97,0.000110,0.000051,0.001460,0.5198,0.3650,0.2066,0.000000,0.000000,0.004984,0.0000,0.0156,8.00,615,0.5198
98,0.000087,0.000034,0.001311,0.5150,0.3614,0.1528,0.000000,0.000000,0.007475,0.0000,0.0000,8.00,622,0.5150
99,0.000100,0.000030,0.001761,0.5084,0.3157,0.1910,0.000000,0.000000,0.005870,0.0000,0.0000,8.00,630,0.5084
100,0.000087,0.000033,0.001352,0.5549,0.3809,0.1493,0.000000,-0.000000,0.007013,0.0000,0.0000,8.00,638,0.5549
101,0.000101,0.000032,0.001718,0.5277,0.3494,0.1389,0.000000,0.000000,0.007421,0.0000,0.1562,8.00,646,0.5277
102,0.000100,0.000036,0.001613,0.6077,0.2849,0.2222,0.000000,0.000000,0.005194,0.0000,0.0156,8.00,654,0.6077
103,0.000124,0.000063,0.001518,0.6130,0.3382,0.2344,0.000001,0.000000,0.020560,0.0000,0.0000,8.00,662,0.6130
104,0.000163,0.000089,0.001852,0.4103,0.3458,0.2309,0.000000,0.000000,0.010450,0.0000,0.0312,8.00,670,0.4103
105,0.000113,0.000052,0.001522,0.7140,0.3189,0.1910,0.000000,-0.000000,0.007965,0.0000,0.0156,8.00,677,0.7140
106,0.000116,0.000048,0.001691,0.5425,0.3313,0.2205,0.000000,0.000000,0.006147,0.0000,0.0000,8.00,685,0.5425
107,0.000088,0.000024,0.001604,0.6419,0.2885,0.2014,0.000000,0.000000,0.002571,0.0000,0.0312,8.00,692,0.6419
108,0.000062,0.000002,0.001491,0.5658,0.3267,0.0608,0.000000,0.000000,0.003927,0.0000,0.0000,8.00,700,0.5658
109,0.000070,0.000005,0.001621,0.6306,0.2896,0.1042,0.000000,-0.000000,0.002019,0.0000,0.0469,8.00,708,0.6306
110,0.000062,0.000005,0.001429,0.5988,0.3838,0.0816,0.000000,0.000000,0.002150,0.0000,0.0156,8.00,715,0.5988
111,0.000058,0.000002,0.001416,0.5635,0.3383,0.0816,0.000000,0.000000,0.002108,0.0000,0.0156,8.00,722,0.5635
112,0.000078,0.000015,0.001554,0.7002,0.2875,0.1424,0.000000,0.000000,0.004458,0.0000,0.0000,8.00,730,0.7002
113,0.000076,0.000008,0.001703,0.5855,0.3238,0.1131,0.000000,0.000000,0.004825,0.0000,0.1406,8.00,738,0.5855
114,0.000084,0.000013,0.001757,0.5525,0.3312,0.0920,0.000000,0.000000,0.002347,0.0000,0.0000,8.00,746,0.5525
115,0.000087,0.000002,0.002121,0.5526,0.3353,0.0764,0.000000,-0.000000,0.003724,0.0000,0.0156,8.00,754,0.5526
116,0.000086,0.000022,0.001584,0.4006,0.3623,0.1310,0.000000,-0.000000,0.002577,0.0000,0.1250,8.00,761,0.4006
117,0.000071,0.000015,0.001403,0.5304,0.3970,0.0615,0.000000,0.000000,0.001601,0.0000,0.1250,8.00,768,0.5304
118,0.000059,-0.000002,0.001523,0.6986,0.2905,0.0642,0.000000,0.000000,0.001643,0.0000,0.0000,8.00,776,0.6986
119,0.000075,0.000007,0.001711,0.6628,0.2620,0.1007,0.000000,-0.000000,0.003409,0.0000,0.0000,8.00,783,0.6628
120,0.000109,0.000035,0.001856,0.5131,0.3479,0.1270,0.000000,-0.000000,0.004724,0.0000,0.1250,8.00,791,0.5131
121,0.000071,0.000010,0.001534,0.4519,0.3110,0.0794,0.000000,-0.000000,0.003629,0.0000,0.1406,8.00,798,0.4519
122,0.000071,0.000005,0.001653,0.5688,0.3293,0.0694,0.000000,0.000000,0.001304,0.0000,0.0156,8.00,806,0.5688
123,0.000073,0.000005,0.001699,0.5703,0.2825,0.0660,0.000000,-0.000000,0.002044,0.0000,0.0312,8.00,813,0.5703
124,0.000079,0.000007,0.001788,0.5317,0.3109,0.0747,0.000000,0.000000,0.001733,0.0000,0.0156,8.00,821,0.5317
125,0.000067,0.000004,0.001578,0.5652,0.3679,0.0573,0.000000,0.000000,0.001469,0.0000,0.0000,8.00,829,0.5652
126,0.000072,-0.000000,0.001798,0.4903,0.3616,0.0463,0.000000,-0.000000,0.003141,0.0000,0.2969,8.00,837,0.4903
127,0.000067,0.000006,0.001506,0.5680,0.3134,0.0625,0.000000,-0.000000,0.001791,0.0000,0.0156,8.00,845,0.5680
128,0.000079,0.000015,0.001614,0.4924,0.2709,0.0573,0.000000,0.000000,0.035582,0.0000,0.1250,8.00,852,0.4924
129,0.000082,0.000016,0.001653,0.6481,0.2989,0.2083,0.000000,-0.000000,0.001672,0.0000,0.0156,8.00,860,0.6481
130,0.000078,0.000013,0.001619,0.6428,0.3085,0.1667,0.000000,-0.000000,0.002820,0.0000,0.0000,8.00,868,0.6428
131,0.000082,0.000015,0.001686,0.6575,0.2952,0.0816,0.000000,0.000000,0.002545,0.0000,0.0312,8.00,875,0.6575
132,0.000071,0.000005,0.001645,0.5530,0.3499,0.0833,0.000000,0.000000,0.002417,0.0000,0.0312,8.00,883,0.5530
133,0.000079,0.000012,0.001683,0.7140,0.2512,0.1441,0.000000,-0.000000,0.004369,0.0000,0.0000,8.00,891,0.7140
134,0.000085,0.000014,0.001775,0.6134,0.3096,0.1233,0.000000,0.000000,0.004038,0.0000,0.0000,8.00,899,0.6134
135,0.000080,0.000007,0.001837,0.6570,0.2618,0.1181,0.000000,-0.000000,0.002012,0.0000,0.0469,8.00,907,0.6570
136,0.000081,0.000011,0.001751,0.6599,0.3463,0.1146,0.000000,0.000000,0.005448,0.0000,0.0312,8.00,914,0.6599
137,0.000068,0.000007,0.001531,0.5545,0.3317,0.0833,0.000000,0.000000,0.004979,0.0000,0.0000,8.00,921,0.5545
138,0.000076,0.000009,0.001674,0.4665,0.3630,0.0635,0.000000,-0.000000,0.004370,0.0000,0.1406,8.00,929,0.4665
139,0.000079,0.000007,0.001811,0.4928,0.3393,0.0677,0.000000,0.000000,0.002251,0.0000,0.0000,8.00,936,0.4928
140,0.000067,0.000003,0.001579,0.4654,0.3411,0.0799,0.000000,-0.000000,0.001395,0.0000,0.0000,8.00,944,0.4654
141,0.000074,0.000004,0.001763,0.4634,0.3600,0.0476,0.000000,0.000000,0.001835,0.0000,0.1562,8.00,951,0.4634
142,0.000071,0.000003,0.001698,0.6591,0.2852,0.0694,0.000000,-0.000000,0.002579,0.0000,0.0312,8.00,959,0.6591
143,0.000070,0.000006,0.001607,0.6118,0.3238,0.0642,0.000000,0.000000,0.002783,0.0000,0.0000,8.00,967,0.6118
144,0.000064,0.000003,0.001545,0.4531,0.3293,0.0712,0.000000,0.000000,0.001584,0.0000,0.0469,8.00,975,0.4531
145,0.000067,0.000004,0.001563,0.6356,0.3649,0.0437,0.000000,-0.000000,0.001860,0.0000,0.1250,8.00,982,0.6356
146,0.000068,0.000002,0.001660,0.4956,0.3070,0.0556,0.000000,0.000000,0.003427,0.0000,0.0000,8.00,989,0.4956
147,0.000075,0.000018,0.001413,0.6758,0.2669,0.0972,0.000000,0.000000,0.006308,0.0000,0.0000,8.00,996,0.6758
148,0.000061,0.000001,0.001504,0.4669,0.3455,0.0694,0.000000,0.000000,0.001240,0.0000,0.0312,8.00,1004,0.4669
149,0.000071,0.000002,0.001712,0.5955,0.3044,0.0521,0.000000,-0.000000,0.002303,0.0000,0.0000,8.00,1011,0.5955
150,0.000065,0.000000,0.001627,0.3870,0.4462,0.0579,0.000000,-0.000000,0.001139,0.0000,0.2500,8.00,1019,0.3870
151,0.000079,0.000006,0.001814,0.6400,0.3024,0.0868,0.000000,-0.000000,0.002213,0.0000,0.0000,8.00,1027,0.6400
152,0.000068,0.000001,0.001696,0.4615,0.3448,0.0635,0.000000,0.000000,0.001610,0.0000,0.1719,8.00,1034,0.4615
153,0.000094,0.000018,0.001907,0.7158,0.2456,0.1181,0.000000,-0.000000,0.003411,0.0000,0.0000,8.00,1041,0.7158
154,0.000077,0.000011,0.001637,0.4887,0.3648,0.0920,0.000000,0.000000,0.003178,0.0000,0.0000,8.00,1049,0.4887
155,0.000065,0.000002,0.001556,0.6516,0.3170,0.0590,0.000000,0.000000,0.001796,0.0000,0.0000,8.00,1057,0.6516
156,0.000073,0.000001,0.001793,0.6014,0.3321,0.0642,0.000000,-0.000000,0.001873,0.0000,0.0000,8.00,1063,0.6014
157,0.000074,0.000005,0.001729,0.5290,0.3740,0.0521,0.000000,0.000000,0.001956,0.0000,0.0156,8.00,1069,0.5290
158,0.000066,-0.000000,0.001650,0.4895,0.3769,0.0486,0.000000,0.000000,0.001132,0.0000,0.0625,8.00,1077,0.4895
159,0.000084,0.000014,0.001740,0.6755,0.2802,0.1510,0.000000,0.000000,0.004680,0.0000,0.0000,8.00,1085,0.6755
160,0.000072,0.000002,0.001734,0.4376,0.4045,0.0655,0.000000,0.000000,0.001893,0.0000,0.1719,8.00,1093,0.4376
161,0.000066,0.000002,0.001596,0.6564,0.3135,0.0660,0.000000,-0.000000,0.001562,0.0000,0.0000,8.00,1101,0.6564
162,0.000071,0.000008,0.001589,0.5553,0.3720,0.0642,0.000000,-0.000000,0.003207,0.0000,0.0156,8.00,1109,0.5553
163,0.000080,0.000012,0.001704,0.6834,0.2657,0.0990,0.000000,-0.000000,0.002807,0.0000,0.0000,8.00,1115,0.6834
164,0.000077,0.000010,0.001661,0.5568,0.3392,0.1233,0.000000,0.000000,0.002994,0.0000,0.0156,8.00,1123,0.5568
165,0.000081,0.000004,0.001932,0.4914,0.3950,0.0675,0.000000,0.000000,0.001617,0.0000,0.1406,8.00,1131,0.4914
166,0.000095,0.000029,0.001655,0.6707,0.2829,0.1406,0.000000,0.000000,0.005381,0.0000,0.0000,8.00,1138,0.6707
167,0.000077,0.000010,0.001664,0.5668,0.3958,0.0868,0.000000,-0.000000,0.002024,0.0000,0.0938,8.00,1146,0.5668
168,0.000062,0.000000,0.001537,0.6305,0.3025,0.0642,0.000000,0.000000,0.001539,0.0000,0.0000,8.00,1153,0.6305
169,0.000067,0.000004,0.001572,0.6269,0.2467,0.0538,0.000000,-0.000000,0.002790,0.0000,0.0000,8.00,1160,0.6269
170,0.000061,0.000006,0.001374,0.6981,0.2703,0.0747,0.000000,-0.000000,0.001856,0.0000,0.0000,8.00,1167,0.6981
171,0.000065,-0.000001,0.001650,0.6906,0.3063,0.0451,0.000000,-0.000000,0.001800,0.0000,0.0000,8.00,1175,0.6906
172,0.000068,0.000002,0.001668,0.7024,0.2654,0.0434,0.000000,0.000000,0.001554,0.0000,0.0156,8.00,1183,0.7024
173,0.000072,0.000002,0.001746,0.6764,0.3263,0.0451,0.000000,-0.000000,0.001921,0.0000,0.0156,8.00,1190,0.6764
174,0.000063,0.000001,0.001549,0.5627,0.3551,0.0226,0.000000,0.000000,0.001258,0.0000,0.0000,8.00,1197,0.5627
175,0.000076,0.000001,0.001887,0.6313,0.3466,0.0556,0.000000,-0.000000,0.001311,0.0000,0.0000,8.00,1203,0.6313
176,0.000069,0.000001,0.001713,0.5408,0.2780,0.0451,0.000000,0.000000,0.001521,0.0000,0.0469,8.00,1209,0.5408
177,0.000068,0.000002,0.001670,0.6693,0.2948,0.0503,0.000000,0.000000,0.002905,0.0000,0.0156,8.00,1217,0.6693
178,0.000066,0.000001,0.001627,0.7772,0.2701,0.0399,0.000000,-0.000000,0.001409,0.0000,0.0156,8.00,1225,0.7772
179,0.000062,0.000002,0.001481,0.6426,0.3511,0.0625,0.000000,-0.000000,0.000978,0.0000,0.0000,8.00,1232,0.6426
180,0.000062,0.000005,0.001419,0.8071,0.2319,0.0990,0.000000,-0.000000,0.002106,0.0000,0.0156,8.00,1239,0.8071
181,0.000063,0.000004,0.001479,0.5364,0.3387,0.0503,0.000000,-0.000000,0.001338,0.0000,0.0312,8.00,1247,0.5364
182,0.000064,-0.000001,0.001610,0.7910,0.2103,0.0382,0.000000,0.000000,0.001403,0.0000,0.0156,8.00,1255,0.7910
183,0.000064,0.000000,0.001599,0.6831,0.3192,0.0538,0.000000,0.000000,0.001281,0.0000,0.0312,8.00,1263,0.6831
184,0.000063,0.000002,0.001518,0.6847,0.3214,0.0521,0.000000,-0.000000,0.001270,0.0000,0.0312,8.00,1271,0.6847
185,0.000075,0.000004,0.001759,0.6451,0.2830,0.0503,0.000000,-0.000000,0.003487,0.0000,0.0000,8.00,1278,0.6451
186,0.000064,-0.000000,0.001602,0.6251,0.3455,0.0330,0.000000,0.000000,0.001443,0.0000,0.0000,8.00,1286,0.6251
187,0.000066,0.000004,0.001562,0.8095,0.2662,0.0694,0.000000,-0.000000,0.002075,0.0000,0.1250,8.00,1294,0.8095
188,0.000074,0.000004,0.001747,0.7217,0.3031,0.0521,0.000000,-0.000000,0.002017,0.0000,0.0156,8.00,1301,0.7217
189,0.000063,0.000001,0.001554,0.6947,0.3261,0.0347,0.000000,-0.000000,0.001649,0.0000,0.0312,8.00,1308,0.6947
190,0.000066,0.000003,0.001566,0.7612,0.2367,0.0434,0.000000,0.000000,0.001728,0.0000,0.0000,8.00,1316,0.7612
191,0.000059,0.000000,0.001478,0.5858,0.3823,0.0451,0.000000,-0.000000,0.000942,0.0000,0.0000,8.00,1323,0.5858
192,0.000066,0.000001,0.001623,0.6656,0.3188,0.0417,0.000000,-0.000000,0.001277,0.0000,0.0000,8.00,1329,0.6656
193,0.000066,0.000001,0.001630,0.6519,0.3170,0.0382,0.000000,-0.000000,0.001446,0.0000,0.0156,8.00,1337,0.6519
194,0.000063,0.000005,0.001456,0.5828,0.3750,0.0747,0.000000,-0.000000,0.001538,0.0000,0.0156,8.00,1344,0.5828
195,0.000073,0.000002,0.001764,0.4535,0.3651,0.0573,0.000000,-0.000000,0.001386,0.0000,0.0000,8.00,1352,0.4535
196,0.000057,0.000003,0.001361,0.7738,0.2580,0.0833,0.000000,-0.000000,0.001668,0.0000,0.0000,8.00,1360,0.7738
197,0.000069,0.000001,0.001705,0.8018,0.1951,0.0677,0.000000,-0.000000,0.001959,0.0000,0.0000,8.00,1368,0.8018
198,0.000064,0.000000,0.001591,0.6785,0.3647,0.0933,0.000000,-0.000000,0.001474,0.0000,0.1250,8.00,1374,0.6785
199,0.000083,0.000008,0.001855,0.7043,0.3031,0.0747,0.000000,0.000000,0.007468,0.0000,0.0469,8.00,1381,0.7043
