path	baseline_blob	status	evidence
vrl/__init__.py	b49f26da8677274678bce3d51fea5c89e5792935	pending	-
vrl/algorithms/__init__.py	4d92be97dbc791411c5c99e7edc4bec479303ab7	pending	-
vrl/algorithms/advantages.py	24ac727234be70af57dbe7616bbb4cb55910d863	pending	-
vrl/algorithms/base.py	322dc0096f9aa739ae4c86a2f099b04f680d13a7	reviewed	algorithm_losses.md
vrl/algorithms/config_contract.py	45a3c8b3b3b24bef5e8b685e182fdf3e3ddd8f47	reviewed	config_boundaries.md; SFT numeric ownership follow-up open
vrl/algorithms/diffusion_nft.py	6203c9077bd4a6473f0965b350fe150b4bdfe009	reviewed	forward_objectives.md
vrl/algorithms/dpo.py	d0cfd41e7d99f6711e5ecd583328c39b6e83107a	reviewed	algorithm_losses.md
vrl/algorithms/grpo/__init__.py	ab65d014b7cfe0533650015c14c7463d15f08ea8	reviewed	algorithm_losses.md
vrl/algorithms/grpo/continuous.py	ac52eddcc804d4b8ec68c79d7f06659c326b64a6	reviewed	algorithm_losses.md
vrl/algorithms/grpo/multisegment.py	39f3d4437f4f1cbb47ca089bf491452c6bbe8702	reviewed	forward_objectives.md
vrl/algorithms/grpo/token.py	f30c8852f20646a16343646d21654447b4ffb5cc	reviewed	algorithm_losses.md
vrl/algorithms/logprob_mismatch.py	736471b555c7b44b782dec30225d7cdcccf0172a	pending	-
vrl/algorithms/trajectory.py	29b26d52d214c7e8ee56920622d2153e5c2cc3e1	reviewed	algorithm_losses.md
vrl/algorithms/types.py	a3697e1b34c0e4fa6bc1b7c0433d6dd2bab018f5	reviewed	forward_objectives.md
vrl/algorithms/v_grpo.py	bc1c30d9083565039db573f8f4c10744c47c5661	reviewed	forward_objectives.md
vrl/config/__init__.py	63ea04cd84f4ba47b0b3f27ce4cb6a9cb737d137	reviewed	config_boundaries.md; SFT numeric ownership follow-up open
vrl/config/algorithm.py	1963845f5de42df3757494be24d7718e6164b833	reviewed	config_boundaries.md; SFT numeric ownership follow-up open
vrl/config/base.py	dc90053ebba871e9ee6e8fa9c9e96ca0dff27f88	reviewed	config_boundaries.md; SFT numeric ownership follow-up open
vrl/config/builders.py	82d48708b051ac21ee4c778b4c6eae5442031978	reviewed	config_policies.md
vrl/config/data.py	a26c0518e82acb817046e652d3ebf982453a7b30	reviewed	config_policies.md
vrl/config/lint.py	3e462c82395cc8767cb2b0ed972f1a63b0035dbd	reviewed	config_lint.md
vrl/config/loading.py	221c3b4032f74319e8f7c111cd88b22c56dcff2a	reviewed	config_boundaries.md; SFT numeric ownership follow-up open
vrl/config/model_schema.py	83969d5d1573d0385215ce9d07280824153080a4	reviewed	model_sampling_boundaries.md
vrl/config/precision.py	10245a48eb8b20681d4b02ed049aa325e7742b39	reviewed	config_policies.md
vrl/config/presets/__init__.py	84da826a3687342a68eb25faf4a20cb39d81c30a	pending	-
vrl/config/reward_inference.py	b8d8f0269561ffa91ba0f716ad199a37ba2b888a	reviewed	config_policies.md
vrl/config/reward_service/__init__.py	e69de29bb2d1d6434b8b29ae775ad8c2e48c5391	pending	-
vrl/config/rules.py	16a9f43862124487ae91ae3a89ca0c290d315fda	reviewed	config_boundaries.md; SFT numeric ownership follow-up open
vrl/config/sampling_schema.py	b26e0041ec9613932a55c5312cfb07c630c34898	reviewed	model_sampling_boundaries.md
vrl/config/schema.py	27ec681d956ab66fe82e0c25722aef165e1ad3a2	pending	-
vrl/config/validation.py	eba0e52f216c55a11218e1dec52edd9ae08dcb0d	reviewed	config_boundaries.md; SFT numeric ownership follow-up open
vrl/generation/__init__.py	6fb14cf89450b25f2d0238658595da8031bbd6b2	pending	-
vrl/generation/bindings/__init__.py	3b7cd6c8c8811387489c82b5d69c0d9c96081c34	pending	-
vrl/generation/bindings/chunk_autoregressive_denoise/__init__.py	52a01354ed85cb08932f2058e1ff0587d75611ac	pending	-
vrl/generation/bindings/chunk_autoregressive_denoise/executor.py	5a98a2ddaa96215abab6cdf9cde58b618276f395	pending	-
vrl/generation/bindings/chunk_autoregressive_denoise/gather.py	adc2712c610132d80b2365eab9cd790332702448	pending	-
vrl/generation/bindings/full_sequence_denoise/__init__.py	38e87c305adf2b3d6baffcb476ba2e5896cc1622	reviewed	denoise_layout_gather.md
vrl/generation/bindings/full_sequence_denoise/executor.py	976b8869a6d73f19b209b792571a3032b49b0bf0	reviewed	denoise_executor.md
vrl/generation/bindings/full_sequence_denoise/gather.py	06a10ed576e514fb029cc45232055281c4116c9b	reviewed	denoise_layout_gather.md
vrl/generation/bindings/full_sequence_denoise/layout.py	e70cb41dbddde0e65baa05aa272988d4f727b262	reviewed	denoise_layout_gather.md
vrl/generation/bindings/token_autoregressive/__init__.py	91f3e2246dc2ec2a60f125065b10f347601d5f5f	pending	-
vrl/generation/bindings/token_autoregressive/executor.py	5d759291589be542f040a27bc76469e3b3e9d0f8	pending	-
vrl/generation/bindings/token_autoregressive/layout.py	8f3084c34293e95b5b205d7089306e4a8c462dc9	pending	-
vrl/generation/composition/__init__.py	093fbf82bc8748510d2b732221668e180f301845	pending	-
vrl/generation/composition/token_autoregressive/__init__.py	90572d1353c5111185f84f59335d650ec627e1ab	pending	-
vrl/generation/composition/token_autoregressive/token_loop.py	5f564fbc1eca34f84a9447f452abfeaa47c94ef0	pending	-
vrl/generation/execution/__init__.py	6428df9582d2f5852c5d3bafdd86f2883f28f4f2	pending	-
vrl/generation/execution/batch_memory.py	6f5369cf9af1ae67467865b95a04e08487892907	reviewed	batch_memory.md
vrl/generation/execution/batch_placement.py	20b21641069ce0f706be8e774c6a0801d045a7af	pending	-
vrl/generation/execution/executor_base.py	82957681cb05906f2121247e970e7eee88f11417	reviewed	execution_contracts.md
vrl/generation/execution/memory_parking.py	47bdd37330e10738437e72197bd6b7845908cc61	reviewed	memory_parking.md
vrl/generation/execution/pipeline.py	1c04decba405c040e3407a8508c51649c110d068	reviewed	pipeline.md
vrl/generation/execution/planner.py	be729a171f088dc5c35c694e1edea6ad91273d0a	reviewed	execution_contracts.md
vrl/generation/execution/rank_group.py	32c60cdf57f07a1c2036b93fd930ea9a871b6f4d	pending	-
vrl/generation/execution/sample_batches.py	c5c98b1c6dae0dd4ec9e35a25a6cafbc47da469a	reviewed	sample_batch_contracts.md
vrl/generation/execution/types.py	bfe6dd74a444aeaa64a84164792ce00c844c0fb8	reviewed	execution_contracts.md
vrl/generation/execution/worker.py	373f2ae9c8b32dddb0061d140ee0a19227c4a104	pending	-
vrl/generation/launch_contract.py	9e6459395d36be8d343a66525b9f07d26ab40713	pending	-
vrl/generation/protocols.py	9b820fc3c3ae74bce1b76967fc6bc9353cea21fb	pending	-
vrl/generation/ray/__init__.py	4dbcac310188b85480f8eae0ef9c757b216f7fb2	pending	-
vrl/generation/ray/config.py	219c6bd550d1aed0af34c527e6e1561e89c01b53	pending	-
vrl/generation/ray/engine.py	1b8292a72602846a13f17ee8d2721cf3ff555d3f	pending	-
vrl/generation/ray/executor.py	5e6ab1dedb66ea4c6d3ebcd3a367bc0cb5bd7ff4	pending	-
vrl/generation/ray/health_monitor.py	74e2dbcbbf429de3a4e44675aaff09b54aa98c21	pending	-
vrl/generation/ray/launch_inputs.py	68452738b8dc5db96f41619cde73f852e9e9c85c	pending	-
vrl/generation/ray/launcher.py	23916b0a9815b01872e236020a366db4d21bf4d5	pending	-
vrl/generation/ray/pipeline_protocol.py	3968cb77ec1115b8f39c68f260337af39c0dae21	pending	-
vrl/generation/ray/runtime.py	9efba6e0fdc7dc65a1344cbc50baf3e3e05e0e47	pending	-
vrl/generation/ray/session.py	bffaa8f3a6272f89859ceb4c1fb060d1545a6add	pending	-
vrl/generation/ray/weight_sync.py	5f026ce350f3e20131e279945cfb5111d85f9b51	pending	-
vrl/generation/ray/worker.py	7761931de4851bf7bf4718f80b24120b19fc5442	pending	-
vrl/generation/steps/__init__.py	9e4d5502cfd16a059bdd49c5f18aad77ff6338fb	pending	-
vrl/generation/steps/denoise/__init__.py	9027ebd20aa65b0298dda296346eba354b04cfb8	reviewed	denoise_steps.md
vrl/generation/steps/denoise/config.py	b1330007576e5f456f345b6b6b3aea9aff02524a	reviewed	denoise_steps.md
vrl/generation/steps/denoise/loop.py	0e4bf141dccbcdd427e2dcabc8d9e7496bd0f381	reviewed	denoise_steps.md
vrl/generation/steps/denoise/teacache.py	39f21a82a76cdd01032012cd110b8110262969f5	reviewed	denoise_steps.md
vrl/generation/steps/token/__init__.py	014f9cad115298898d572edc1bc936eb573d1a26	pending	-
vrl/generation/steps/token/protocol.py	ff8bb60fcd9542b0c01f8f6d4d1397d7334861d9	pending	-
vrl/generation/types.py	30b5e01b2dc640f2ec952a80966c2910bffc0e5c	pending	-
vrl/generation/weight_transfer.py	207cb65d39dfba9a92563a7631e21a295ab4c13f	pending	-
vrl/math/__init__.py	dc566089e0058e221887ab5ba911c843fa65df8a	pending	-
vrl/math/denoise/__init__.py	712e17865350233b2da6211a92752ff8087a6436	pending	-
vrl/math/denoise/ddim.py	3a2d13c1cbe238a8468e06af605319b14d401098	pending	-
vrl/math/denoise/flow_matching.py	98168face346ba05233422010d95bccf7b855ea7	pending	-
vrl/math/denoise/renoise.py	3708e9f04207dd5b9bb6729accc908bd4e22cd2e	pending	-
vrl/math/token/__init__.py	630af4658b867c9cfe39bae565983ae4b8e74a50	pending	-
vrl/math/token/flow_matching.py	0ecc93e01d7a3db22a8a59b28094cf56236b780e	pending	-
vrl/math/token/logprob.py	e0819ffa647504dcc2ca139378834b3fd478f9a2	pending	-
vrl/models/__init__.py	69285acb49d1dc4f09c37778ba4cf59077e86cf0	pending	-
vrl/models/checkpoint_identity.py	8ff026646ab9599185520db301d31d145a114990	reviewed	model_identity.md
vrl/models/dtypes.py	fd330edc987f707390d1d8564afac712cf14b388	reviewed	model_sampling_boundaries.md
vrl/models/families/__init__.py	e469084a8f8b2173a5b3b269ca5a4e4fe9d9df9b	pending	-
vrl/models/families/causvid/__init__.py	097bba3fb1ee91fa5f4d3405ee7190dda49104c7	pending	-
vrl/models/families/causvid/config.py	d328fdeae11569458d8b8db4de94b0a67d2762b2	pending	-
vrl/models/families/causvid/model.py	738b999f2e2963f6a046fdcb96504be6f12f83fb	pending	-
vrl/models/families/causvid/runner.py	5e62da2acd996481cfb251c92f216545a351ab8e	pending	-
vrl/models/families/causvid/runtime.py	77c5f0987b6c8f9a02d7eaa7fa7dbb81b5be33e8	pending	-
vrl/models/families/cogvideox/__init__.py	7ee0cd12875cc83b5fdf23b5bedd342b5ddd1777	pending	-
vrl/models/families/cogvideox/model.py	3c743927412f80abbdf0526545f92623f9b299bf	pending	-
vrl/models/families/cosmos/__init__.py	2a7be415518bae62c79d3778fa8959a6fcb77a0b	pending	-
vrl/models/families/cosmos/anima/__init__.py	669f016931ae8933c84e9f95c88cf9f30692d62f	pending	-
vrl/models/families/cosmos/anima/adapter.py	c51d17d6a2bb00d5716b8af881640f8f54e2aeba	pending	-
vrl/models/families/cosmos/anima/config.py	fd2cb723b9a3438814d5e4c10e70cde8ff4fbee6	pending	-
vrl/models/families/cosmos/anima/model.py	94784488acb446dedf530ec844976ab92ad19b3d	pending	-
vrl/models/families/cosmos/anima/runtime.py	e0675d8df88221968b4f32e98fe999c7e0091e2d	pending	-
vrl/models/families/cosmos/cosmos3/__init__.py	8f20920c6cd28fec3895b20108837dce827ad5f4	pending	-
vrl/models/families/cosmos/cosmos3/model.py	9c88ab8e75ca5eca40f1ebb8a248d118a6f95fc7	pending	-
vrl/models/families/cosmos/cosmos3/runtime.py	eb6790fc302d543a84e57a8aa7edfd391c8bcd24	pending	-
vrl/models/families/cosmos/predict2/__init__.py	fda2af26f0113f18c4d9ffa13c2c9a95d3df55ae	pending	-
vrl/models/families/cosmos/predict2/model.py	b9dc9139d6a67cb9e945e3f1033868aa3a3c2dec	pending	-
vrl/models/families/cosmos/predict2/runtime.py	a4245193dbce4d4e3189b9237256a10045ab1232	reviewed	denoise_executor.md
vrl/models/families/cosmos/predict2_5/__init__.py	e50442d0d1fbca89eaac60493c643152ea572bba	pending	-
vrl/models/families/cosmos/predict2_5/config.py	83631dd13338b12733245253765f9be8afe3515f	pending	-
vrl/models/families/cosmos/predict2_5/model.py	32398df97e413976b476c3744f5006748644bb05	pending	-
vrl/models/families/cosmos/predict2_5/runtime.py	5fdfbf7f95ff08c9b322830e0d19b7a08240a008	pending	-
vrl/models/families/echo/__init__.py	a5b442b5aa24faaf00a83f3432f9158eaf96e844	pending	-
vrl/models/families/echo/config.py	3406fb8e4ca4320bfc9e5093a055b15642dd069c	pending	-
vrl/models/families/echo/model.py	6eac72662ab17720ebe5a67a06ddfdf2a311e608	pending	-
vrl/models/families/echo/runtime.py	868930635f5640cb8452cfa16397be3f327726a4	pending	-
vrl/models/families/emu3/__init__.py	b91d16bd4651c886881d7df7faee0c8aa2d13800	pending	-
vrl/models/families/emu3/config.py	0e287c77f16aed2e2d6171d57dbf44257e08a2fa	pending	-
vrl/models/families/emu3/model.py	fd02c1e10ea859e524e49d81750e9121c7210f67	pending	-
vrl/models/families/emu3/runner.py	8b282fcf29c097efe160113d6e1a4d43c577db68	pending	-
vrl/models/families/emu3/runtime.py	c4525ff4b63c68e7cc3174b1cfe236d5d22fac8c	pending	-
vrl/models/families/flux/__init__.py	1f1cf553a516305d51b55f247ecc6bb6ef390b7d	pending	-
vrl/models/families/flux/config.py	7015158351bc1830a570789595971836d44fce58	pending	-
vrl/models/families/flux/model.py	78c1a5a16a71e060495152aae3b902648c954e42	pending	-
vrl/models/families/glm_image/__init__.py	911a683aaf9819ddde9b329f4e9ce8178bfe3398	pending	-
vrl/models/families/glm_image/config.py	2704051e9c0954089a00f8fba66b7ea7c8977c44	pending	-
vrl/models/families/glm_image/model.py	8cb562acdaad4a980e1595e3dd1a6ae960d23e34	pending	-
vrl/models/families/glm_image/runner.py	164dd8a47b680d275a338740c05593d7d2225365	pending	-
vrl/models/families/glm_image/runtime.py	876bc5bc8fa2a6dc7f3993ed2af4e4634f4e620c	pending	-
vrl/models/families/hunyuan_image/__init__.py	8f116030a7adb4836c8721328270a99c0ac0f661	pending	-
vrl/models/families/hunyuan_image/model.py	45a4396aac1807756bbf32c1a1dece7a4cf654bc	pending	-
vrl/models/families/hunyuan_video/__init__.py	bdaa7ba2b9524bd6e0ee9fe3f244e8ce2ff95689	pending	-
vrl/models/families/hunyuan_video/model.py	051398cd2934d4faf467470af318f990cc020635	pending	-
vrl/models/families/janus_pro/__init__.py	55bbeb3d103ee4b62cdea6e8f9aa5525a1c59512	pending	-
vrl/models/families/janus_pro/config.py	98019f0ed5d421d57c21b596558823076fb5f039	pending	-
vrl/models/families/janus_pro/model.py	b4c8f13aed83b671e68da58d429955a3bc307aa1	pending	-
vrl/models/families/janus_pro/runner.py	e267a98af709308373bfe3d8dd0862ced0481ff0	pending	-
vrl/models/families/janus_pro/runtime.py	dc86601d997005ad932e4d35134bfd6cdd8cec25	pending	-
vrl/models/families/llamagen/__init__.py	801b9ac6f4d49a4c3d2517ed5c7c1fb2f28c03be	pending	-
vrl/models/families/llamagen/config.py	a6e1b4b046e57a774d876f7cd0a2bafe5394fd44	pending	-
vrl/models/families/llamagen/model.py	4c7a653c7025876f0de8306abb919f1854c9334b	pending	-
vrl/models/families/llamagen/runner.py	1e5891177215cef25c41b3fc41a16940e24b767b	pending	-
vrl/models/families/llamagen/runtime.py	74719da645fd66e2acf24c15e143c0629c0b2530	pending	-
vrl/models/families/llamagen/vendor/__init__.py	1642368238b6aba0cb0d45db4aaecb34fa65731f	pending	-
vrl/models/families/llamagen/vendor/gpt.py	5455ff7e8ea459663b6db3e2cbb9eec623495829	pending	-
vrl/models/families/llamagen/vendor/vq_model.py	6b1648a0e30d75122bbba4d10fb0e3d919c2de95	pending	-
vrl/models/families/lumina2/__init__.py	b3cb6e4f5bfc5fd434c1c6404573dece2201c736	pending	-
vrl/models/families/lumina2/model.py	b8cc0d0497b909f6a60bf583eef1dff3aa08cbbd	pending	-
vrl/models/families/magi_1/__init__.py	641a854b2128322d41d02db6b6c6da70a6ebe8b0	pending	-
vrl/models/families/magi_1/config.py	c433b71d4d3e85db170fa37e5349404203be31aa	pending	-
vrl/models/families/magi_1/model.py	314d7ee52708c15bc954eaee223baf7f5f208842	pending	-
vrl/models/families/magi_1/runtime.py	b9a8dc9ea6f52f179f009c27cf9ac2e0174207e7	pending	-
vrl/models/families/minimax_h3/__init__.py	b207e050ad0268976d7717b23dc9a52b703530bd	pending	-
vrl/models/families/minimax_h3/model.py	98864bb1d8a527a7681e212909a99ae9b1fbb63a	pending	-
vrl/models/families/minimax_h3/runtime.py	d669c27460d5cb1b5793d060fdf47cf29cff8275	pending	-
vrl/models/families/mochi/__init__.py	0a2f1874dceb29a7507faf5ee9c8d8861e56d444	pending	-
vrl/models/families/mochi/model.py	c24d7aeed71dd98a6e527432951389f3bf1551ff	pending	-
vrl/models/families/names.py	c5247e67a450dc617b30191b9093f7660482f394	reviewed	model_sampling_boundaries.md
vrl/models/families/nextstep_1/__init__.py	084d69d40864772086de3a71ef087337798886b5	pending	-
vrl/models/families/nextstep_1/config.py	cf7dde93ddaf09404b63c036c6beb54ed9feeda1	pending	-
vrl/models/families/nextstep_1/model.py	52bdb29d330b3c03d7a50e157c265d6750dc81d7	pending	-
vrl/models/families/nextstep_1/runner.py	8ac38aa3c41f2f3b963c1ef03275dab3a1f628b0	pending	-
vrl/models/families/nextstep_1/runtime.py	346cc53141b7ba6cfa6dfd9411960cfb569a8981	pending	-
vrl/models/families/pixart_sigma/__init__.py	7867e1372de11ab5cd51906bff5b16d61ecf6a65	pending	-
vrl/models/families/pixart_sigma/model.py	3fa0a6b0a4ba67b2d71dd56e01c69a3ba2652b76	pending	-
vrl/models/families/qwen_image/__init__.py	664cf6759bbce22d2964d6f9eb920f5e81cde623	pending	-
vrl/models/families/qwen_image/model.py	648e5327e25db7c9ae090dc801799207ca9dacb1	pending	-
vrl/models/families/registry.py	83369a7145e19b9c21a52a7b9234fff96a311e72	pending	-
vrl/models/families/sana/__init__.py	561aa3965799958c8271ee7561d88805c1185ff0	pending	-
vrl/models/families/sana/model.py	dd4843b491f9cab360245f74d68d78872f6e9639	pending	-
vrl/models/families/sd3_5/__init__.py	509acfb6e7d087bb52d06fdcc8eff2a54f32c0cc	pending	-
vrl/models/families/sd3_5/config.py	b30d23ead6ae9d73d8976aed58f9b572a5f3c54a	pending	-
vrl/models/families/sd3_5/model.py	4acc0c8b11c76f8758a2686199b7f4f12b0f566f	pending	-
vrl/models/families/semantics.py	d7a36e4fd9b3cd7d8863c5721a4f05b87bc468bf	pending	-
vrl/models/families/vdn_h3/__init__.py	5fad905c31f1dc25ae009f569776116444e17d7c	pending	-
vrl/models/families/vdn_h3/config.py	225d25d6848031f50a0d539c2fd3721b5f677962	pending	-
vrl/models/families/vdn_h3/model.py	ee7e32c79e391abc9891c4dbb0b2f834193f4037	pending	-
vrl/models/families/vdn_h3/runtime.py	0f65044bbdae7b18893be96cdac39d8bcf75ec97	pending	-
vrl/models/families/vdn_h3/vendor.py	f0f3e68694fc6f66005347ef8f47385c5d5af1a6	pending	-
vrl/models/families/wan_2_1/__init__.py	fce1bd5e705af3f8dfad5e8ba021c3ee46b45c1a	pending	-
vrl/models/families/wan_2_1/config.py	683a13c6790e4d3c88eb0d423b0861a4936fae84	pending	-
vrl/models/families/wan_2_1/model.py	97c27c83ee39991c2b79e9a62509ced2093303b4	pending	-
vrl/models/families/wan_2_1/runtime.py	1b9ee08cf57d73247c5d27eefa946d4abd0592fa	reviewed	denoise_executor.md
vrl/models/interfaces/__init__.py	6bc6b704b4b878465905fe39da71088dce8c68fb	pending	-
vrl/models/interfaces/generation_memory.py	9de6afec8a9d9bdf197216361c433db83f88372f	pending	-
vrl/models/interfaces/replay.py	ab31a59699e21ca1a9a937d09304a97206b38eba	pending	-
vrl/models/interfaces/runtime.py	421068fce678bc0148363b8bb24098ce6c51e9ad	pending	-
vrl/models/loader.py	70b6387b7da30c99b6d02df9ba6244de35ead01a	pending	-
vrl/models/peft_adapter.py	1b4038785e61c7262ceb46f0b9c9e3d907ddb701	pending	-
vrl/models/precision.py	88815dd855c241f4034a1188193b158a983bfd6c	pending	-
vrl/models/sequence_parallel.py	16b8538ee0d7bc2add8f188127c12342ce51cc53	pending	-
vrl/models/source_integrity.py	91f4b5b1a194c838acb1ea6158bfa558f64b8573	pending	-
vrl/models/steps/__init__.py	6c95d00546b83f52e2835944a356b3f450b27adc	pending	-
vrl/models/steps/denoise/__init__.py	611772778c01ebec7b3a233ff592a0bbbbed4cae	pending	-
vrl/models/steps/denoise/base.py	d2d6f434a31e07dcfc75880683eff154c4d159bc	pending	-
vrl/models/steps/denoise/build.py	43957ce1db94131c619cefab60312accdee402ae	pending	-
vrl/models/steps/denoise/common/__init__.py	a0efc372369a381b382465357b38717c84accfc0	pending	-
vrl/models/steps/denoise/common/backbone.py	a2d626ff4285a007a87dd3be55f3d6f47668cf56	pending	-
vrl/models/steps/denoise/common/cfg.py	17802a432b697a55107d416fafdd0da5f91f73fc	pending	-
vrl/models/steps/denoise/common/latent_decode.py	7cc307f09b19eec83c83274783a6200824bd7a4e	pending	-
vrl/models/steps/denoise/common/lora.py	20a9c1fc3dd28cb5cc612d9d1b2997fa34521d0d	pending	-
vrl/models/steps/denoise/common/masked_prompt.py	80eb97cd9868ed10bb0f44fab390447b843258b7	pending	-
vrl/models/steps/denoise/common/tensors.py	3a1204280934dc51eeda3b40ef98970dec7b2324	pending	-
vrl/models/steps/denoise/common/timestep.py	3ab5b7ab4c759eecbf1877dc79c33c703c96b273	pending	-
vrl/models/steps/denoise/common/vae_decode_memory.py	78bfa351e1d16bd1131eeb9fa451e45ac18e629e	pending	-
vrl/models/steps/token/__init__.py	6bcdbb47bb5159ed7ea4cef2cce8776addfe4482	pending	-
vrl/models/steps/token/base.py	485811e36d6d5ef3ea92d5eb69e2f879686710ea	pending	-
vrl/models/steps/token/build.py	e463868893a6ab7f18d77c83416645abf91fb936	pending	-
vrl/models/steps/token/loader.py	e8ab1051246137f9947698f8ec723508ba919f3d	pending	-
vrl/models/steps/token/lora.py	9d244eee3e7b91ed309dac280d1149dab7dfee01	pending	-
vrl/models/steps/token/paged_attention_helpers.py	41e5413eb74e46c33f14b98fe44c6bf428ab8b02	pending	-
vrl/models/steps/token/vocab_head.py	cadf0919946949969bd3f4e9dcaad06e6dc6857f	pending	-
vrl/models/weight_utils.py	8c3fa3b0ac67d425a0ec19151a55db8957d64263	pending	-
vrl/nn/__init__.py	f09ab18edfc08cb6d7419edd31160aa43f9bb1ef	pending	-
vrl/nn/kernels/__init__.py	ed6e392d15f3903eb7e4ed5ac263bce3017c523e	pending	-
vrl/nn/kernels/attention/__init__.py	94c243968fd73a2f40296a02da5cfe77233b279d	pending	-
vrl/nn/kernels/attention/vllm_paged.py	615901639bfdd449a965f72f96f25766b5659a51	pending	-
vrl/nn/kernels/fused_linear_logprob.py	50a577fe18358b1b191046d3d6e38653532ee1b5	pending	-
vrl/nn/layers/__init__.py	35eff955ad1751663e8b6800999e9826ba9af752	pending	-
vrl/nn/layers/attention/__init__.py	b7d9f593bcecfe6c87c3cd03300062f69f31668f	pending	-
vrl/nn/layers/attention/cache_rows.py	da58c7d083be957f5fcdbe7624901c11500ec0d9	pending	-
vrl/nn/layers/attention/paged.py	9c7d14271b402efa4439c6dc76921806d4319047	pending	-
vrl/nn/modules/__init__.py	e28d8645c3aab3736da9f779c4ec602875a0d9c7	pending	-
vrl/nn/modules/ar_attention_backends.py	eddd1c806d5c1c8e1ca6e6b789599ba79dd7ebbb	pending	-
vrl/nn/modules/ar_decoder.py	703d92e72e542a29a7090ea6b28207f115ce5f7a	pending	-
vrl/nn/modules/torch_attention.py	736cb764dbb29c277eacabc267fc892774a2a527	pending	-
vrl/nn/optimization/__init__.py	3c42480084cb5323ce87bd20634b45917080448a	pending	-
vrl/nn/optimization/passes.py	e6de15ea541e0e10fa3114c1b27ba13d20de3f39	pending	-
vrl/nn/quantization/__init__.py	63eacbbe336ad5b8e1418c5dd6874f2159edeb79	pending	-
vrl/nn/quantization/base.py	f64afa246243e9657d8474f05e4e6f6f8a0fba57	pending	-
vrl/nn/quantization/formats.py	5d014a39a27b9b0f01abbdd2ba7e432d7ba43b49	pending	-
vrl/nn/quantization/fp4.py	bee27a5411da7b0d68c0ea88b5431e3cf6820ece	pending	-
vrl/nn/quantization/fp4_kernels.py	f02ac260c9c6f0072f369c559b550d29fa1bf165	pending	-
vrl/nn/quantization/fp8.py	44161c272a48b8540a53e81aa2589fd3af2e9849	pending	-
vrl/nn/quantization/targeting.py	0afd6d1b5dfc3c20cde01bb1a361a3733cc737c3	pending	-
vrl/ray/__init__.py	d5d7c6db71a92d5977cb71a0787114d599ef5cd4	pending	-
vrl/ray/actor_group.py	fc280407590de76434ac0f456f40704407c07d06	pending	-
vrl/ray/actor_pool.py	607ed88be8b9e6e87820fbfb80c2d249ba8d8e20	pending	-
vrl/ray/dependencies.py	12a4d335d1c646d6b9834566657782a0554c394d	pending	-
vrl/ray/operation_deadline.py	c38b70d9e7342bbe2af6e2cf03f58bbda8379447	pending	-
vrl/ray/placement.py	4cd1be7797a67b981150d9852b780eb6f6a2c007	pending	-
vrl/ray/resources.py	1089a56c40d6074eaa8059d0a578d46f46f1074e	pending	-
vrl/rewards/__init__.py	4bf9110447a4f95d0c4b21b609694b875f1f3e25	pending	-
vrl/rewards/artifacts.py	f17a30179b1d5effaa066915dd5bce8238f9e930	pending	-
vrl/rewards/assets/__init__.py	003b4ff11df49f18b5e702ccb2ebe8a73e7e5752	pending	-
vrl/rewards/assets/codex_image_qa_prompts.py	93cbbc15bc44cd4bebb8930e74039600bd280ee6	pending	-
vrl/rewards/assets/hpsv3_prompts.py	309c9d2a7bc38843ecb27b2c7a8f2046e3ef6e33	pending	-
vrl/rewards/assets/kling_prompt_templates.py	b855f8da97d4782431ce44a2be9068943bd82000	pending	-
vrl/rewards/assets/video_judge_prompts.py	d12a02467e2e956ce9d5511eb05a43d05a47d27f	pending	-
vrl/rewards/base.py	99a30e1a2cab374fc98f4841b1492443bb1d5b8f	pending	-
vrl/rewards/functions/__init__.py	d80ce72b0f5df83e38861febcfad26e495036a76	pending	-
vrl/rewards/functions/aesthetic.py	a14d6c75bc03848a40da60b6fffd2efa6349294f	pending	-
vrl/rewards/functions/animereward_quality.py	e205b5aef0a6058a99a54d1b48d97181d5465df8	pending	-
vrl/rewards/functions/codex_image_qa.py	4a4280e68c9f9f0dbe25627e31ab169d5d7bcec3	pending	-
vrl/rewards/functions/cosmos3_reasoner.py	7f81b0dcbcd314100426306a34513156545b4705	pending	-
vrl/rewards/functions/countgd.py	616448ea9021a6f7b9eeb49fd3ff42412e3e7473	pending	-
vrl/rewards/functions/geneval.py	0413749ea8f0f036d3f5964ca31abbfb264d4bcd	pending	-
vrl/rewards/functions/grounded_ocr.py	36379e2dfd839f41c25a7c701c747f5d1080f60c	pending	-
vrl/rewards/functions/hpsv3.py	2630b45c6a86adb5568eef8e100550af12b08c29	pending	-
vrl/rewards/functions/idm_action_following.py	682b39b1180134a9983bdae5db6676ef7ae9c716	pending	-
vrl/rewards/functions/image_sharpness.py	4e7218c1f268d9a424f260162f7360f67321be1b	pending	-
vrl/rewards/functions/kling_video_reward.py	1491fd2164ac22399be6f3fb7f160f81ad24f9bb	pending	-
vrl/rewards/functions/motion_dynamics.py	8292f38ab4714cb77ca58c4fa438a1841fcb650b	pending	-
vrl/rewards/functions/nsfw_safety.py	c9021d966cbe1acfa5651658faf563f8d884fa90	pending	-
vrl/rewards/functions/ocr.py	af7ffef0001bc6c24596f3c15e3c1c585a3bc874	pending	-
vrl/rewards/functions/phymotion.py	157b86b5fed8e9ba8cfb0bd46a5a80b518820135	pending	-
vrl/rewards/functions/pickscore.py	7c36ac82b2cfff217198d69c6ec13656eaab8e84	pending	-
vrl/rewards/functions/registry.py	d0ca98c2bc255881becd123fb1f57fbd44b8f7b4	pending	-
vrl/rewards/functions/robotics_video_reward.py	b2685014f1dbaca4d1e4348f8c43bbe8c016bc4c	pending	-
vrl/rewards/functions/target_dino_similarity.py	dc27408d0b9eaad58f69936fb9e02d8bbc0d1014	pending	-
vrl/rewards/functions/unified_reward_video.py	9779318d5cb573ae24f1c46c512c95aebb1ba018	pending	-
vrl/rewards/functions/videocon_physics.py	5da556db28ab6b63368a95144ead73a11ec7bb6a	pending	-
vrl/rewards/functions/videoscore2.py	dd1168868204df351601159fe152783b5fc3f35e	pending	-
vrl/rewards/functions/wd_tagger.py	f1ea05f9e3df85baf843ef87620e8f7f84ef3366	pending	-
vrl/rewards/inference.py	12aa8dbeb33f1cfe2bdae6fbc6fdd09ef36e2550	pending	-
vrl/rewards/launch_contract.py	263250d5e3025c1bd42620b5580706c3b4c265ff	pending	-
vrl/rewards/models/__init__.py	a8349df16eeccbbf820e59778d3c8d4131520d33	pending	-
vrl/rewards/models/aesthetic.py	42cfa1511d41a1061793a02c680eb17961039c43	pending	-
vrl/rewards/models/animereward_quality.py	54a7776afb678a3bef66a8eee35ee6d3b47d567e	pending	-
vrl/rewards/models/base.py	82e305519f8311bae5efeaa38ea869b57caf2cee	pending	-
vrl/rewards/models/codex_image_qa.py	6c7141497e1945c498dec9730d3675cac04ab8ab	pending	-
vrl/rewards/models/cosmos3_reasoner.py	3adcd7a9e61f95f4fac00816ed23283ff8ec91e7	pending	-
vrl/rewards/models/countgd.py	f1e869b47f2876c685cea50ec8003a1e885e7f70	pending	-
vrl/rewards/models/grounded_ocr.py	b5b8b26dbb52c3657a36f7ede0434796be14aecb	pending	-
vrl/rewards/models/hpsv3.py	dc1c2aa68bad3a8575ff116be4fbadab89cc0411	pending	-
vrl/rewards/models/hub.py	dff644e558cb81a85e988ced9fdd5cb9e14687b3	pending	-
vrl/rewards/models/idm_action_following.py	64232cbb9af3cc5ad083382a400a645b17b201a6	pending	-
vrl/rewards/models/image_sharpness.py	27fbaff8db9d7b04487d82587bb7e4f1e3dbd34b	pending	-
vrl/rewards/models/kling_video_reward.py	990a16aa80cf87f4bb6c7658f05fe20f959f4679	pending	-
vrl/rewards/models/media.py	ad7cbd5c236cdfbf23c245619947f0a439e68d3a	pending	-
vrl/rewards/models/motion_dynamics.py	cd4bda44ddeacc029fed77e31452f5bac9fe4b84	pending	-
vrl/rewards/models/nsfw_safety.py	110c73a3e590058819c10f4b409d5df57eb92389	pending	-
vrl/rewards/models/ocr.py	38a0a6cceb5e2a3bcf1a4ee13342cc323df582fd	pending	-
vrl/rewards/models/phymotion.py	2c3e1a818ebddb385c8cc7804af14df240f80d83	pending	-
vrl/rewards/models/pickscore.py	ed2ae8b832079962c2d1706794a228941dfc6a99	pending	-
vrl/rewards/models/qwen_vl_judge.py	d899fe135c1ce4463bf7d1452f31ad8e9cb9993a	pending	-
vrl/rewards/models/robotics_video_reward.py	11989427a9fbbd82fc67ebd7989dbecafac6fe34	pending	-
vrl/rewards/models/target_dino_similarity.py	3ea3cc9b09314fce94def0de7d0c21d43e2ce13c	pending	-
vrl/rewards/models/unified_reward_video.py	2fe037d2cf239e2522227f199edff447a9fd65a4	pending	-
vrl/rewards/models/videocon_physics.py	c5bd51f301332a5d729732ad65ddb9e21f370155	pending	-
vrl/rewards/models/videoscore2.py	f8fd5e3a35bf76520469a92a7308b75c08004f98	pending	-
vrl/rewards/models/wd_tagger.py	fbf04965b740666f353831f07b55cc37dc877cc7	pending	-
vrl/rewards/ocr_text.py	faa82d05f2a7f06325b09a2c4346b0494a922c74	pending	-
vrl/rewards/protocols.py	312023e356e6f15a46a621100942839e9930a680	pending	-
vrl/rewards/runtime.py	5f8a62ffed804f0cfabb3554169e84199f24a0ca	pending	-
vrl/rewards/service/__init__.py	349f1a4b42b69e7fecada08a6ebb53069601eb55	pending	-
vrl/rewards/service/client.py	13debbead5cb7e3d6184f26dc87d27f17b10c9c7	pending	-
vrl/rewards/service/owner.py	dac74308d30e41075f808dacb01633d28d5ae730	pending	-
vrl/rewards/service/protocol.py	e4ebb4b5d4a56c7644704104ce38687c3b6b85f3	pending	-
vrl/rewards/service/server.py	0971e387f04e9433eaf2c563648f9b498c78d4f7	pending	-
vrl/rewards/service/wire.py	33825aed99844129ae59142459cd710d293c3508	pending	-
vrl/rewards/types.py	63a225b8d45b630036b4f291b3ed56673d404e9f	pending	-
vrl/rollouts/__init__.py	0e3eeebda8045c4756bc3c6f250c9a21e94d02e2	pending	-
vrl/rollouts/batch/__init__.py	212366c42668c7c7dd270231ddacf8dcdfbd5c11	reviewed	rollout_batch.md
vrl/rollouts/batch/core.py	d7176035a829f951921b02a46ae670e2b44146d9	reviewed	rollout_batch.md
vrl/rollouts/batch/ops.py	d11ced1a885d54e7937512badbf5312a3665c3ca	reviewed	rollout_batch.md
vrl/rollouts/collector/__init__.py	8fdc4cd9c88788ca64ad6b02f6cf3304f6b13f30	pending	-
vrl/rollouts/collector/batch_builder.py	85a30ddd3447c0981ead41d3e1c3abf1e41d1cc4	pending	-
vrl/rollouts/collector/config.py	62bf691a2692fb3e2217cf9dafa9c483deec2eb5	reviewed	rollout_batch.md
vrl/rollouts/collector/core.py	c2e54e864516b433a64e5547675bef376713d683	pending	-
vrl/rollouts/collector/requests.py	66f4ef6e66822d0b86a1b0deba624cf4dc73a385	reviewed	model_sampling_boundaries.md
vrl/rollouts/evaluators/__init__.py	6ad2ed02d948c1acf5629a802e922d5d7bb4a61a	pending	-
vrl/rollouts/evaluators/base.py	23788559aa1fd17e625a0e4c0cb64358c573867b	pending	-
vrl/rollouts/evaluators/denoise/__init__.py	fc1c2b65541f4896d5777231bf10cbb2ba7e3d94	pending	-
vrl/rollouts/evaluators/denoise/chunk_autoregressive_logprob.py	c60ea680a442b82de5a20aa397c9fcd65da14e58	pending	-
vrl/rollouts/evaluators/denoise/sde_logprob.py	1503cd0b15c2c2ed2ed6060382a8e35ed3ca2035	pending	-
vrl/rollouts/evaluators/token/__init__.py	6df1207721cd5b646fd34e20e5302f6ecefcfdb3	reviewed	README.md: First inspection; multisegment follow-ups tracked
vrl/rollouts/evaluators/token/continuous_token_logprob.py	97bf5af70d446f0518902c2ea439d0026cc17743	reviewed	README.md: First inspection; multisegment follow-ups tracked
vrl/rollouts/evaluators/token/multi_segment_token_logprob.py	624e1e6a49caf55b13dc962fbac35c9660d3a232	reviewed	README.md: First inspection; multisegment follow-ups tracked
vrl/rollouts/evaluators/token/ref_pass.py	e65a9a627c2b6cdf366528a429749fd8a64c1a0e	reviewed	README.md: First inspection; multisegment follow-ups tracked
vrl/rollouts/evaluators/token/token_logprob.py	9248cc81fe92c25c2aac9c52f0495397709cf46c	reviewed	README.md: First inspection; multisegment follow-ups tracked
vrl/rollouts/evaluators/trajectory.py	56a26ff9212b328603b21789abf2ac346bf4be0c	pending	-
vrl/rollouts/evaluators/types.py	7e3c0362d20e3fb15bc7bfc2383a29283936840d	reviewed	forward_objectives.md
vrl/rollouts/orchestration/__init__.py	81625f37b564cda0696cc46de1c952435a88fcd5	pending	-
vrl/rollouts/orchestration/continuous/__init__.py	c3203771200922b4c9fe70077814271f1a8c2190	pending	-
vrl/rollouts/orchestration/continuous/consumer.py	f96055e7e5dfa985b8e753bb31d5c754169a7049	pending	-
vrl/rollouts/orchestration/continuous/generated_capacity.py	4739b8d74fec70f500d1fc8d1167dc0db3d10a5e	pending	-
vrl/rollouts/orchestration/continuous/owner.py	c9250119b4b90716676e7de2ae0b6b9060fc198d	pending	-
vrl/rollouts/orchestration/continuous/producer.py	b63e7397eb6a48d3469ba83979dd32a540b8134a	pending	-
vrl/rollouts/orchestration/continuous/queue.py	2c8fefc619346e841a183400310a7a515c2b3096	pending	-
vrl/rollouts/orchestration/continuous/schedule.py	b208f8d61d2e646245cdebbef3600b87d10aeb39	pending	-
vrl/rollouts/orchestration/continuous/staleness.py	7bd9965b20dc8b5bff7d2fc5fec8fe8dc829ace5	pending	-
vrl/rollouts/orchestration/continuous/types.py	d208a73c199d1d9b602cb84b3f87e766e6759d59	pending	-
vrl/rollouts/orchestration/rollout_runtime.py	c64ef2980612c140cad23061c3b4a1d1b0318363	pending	-
vrl/rollouts/orchestration/schedule.py	7746f1bfc9dfe651d689f7a4a10c26e9852c6b75	pending	-
vrl/rollouts/orchestration/strict_on_policy.py	46cc176dda0005dd3f662aa649a101176c07d1ab	pending	-
vrl/rollouts/orchestration/types.py	b5c4cf575cb771c0eabdef6c928251b11920158e	pending	-
vrl/rollouts/stats.py	c536543e835e327d43be0ebf5c78ae0b5dbf996f	pending	-
vrl/run.py	1f668ed3e7ed298988065da4c4c1eefc38a97344	pending	-
vrl/run_verdict.py	f074e1bdaea7b102f9d46c1f0f105e88b133dfbe	pending	-
vrl/runtime_errors.py	d51ffae413d4d55b5e6ccf716f7415a6fb2834e0	pending	-
vrl/scripts/__init__.py	13782b00440542580c52345ce0e79f20d876e30a	pending	-
vrl/scripts/common/__init__.py	f95f971c64480824ec0a64088fe3b7ea4c5e39dc	pending	-
vrl/scripts/common/factory.py	f96ed69e82cfe1c14ea110fcf5629e89bde374a8	pending	-
vrl/scripts/common/launch_environment.py	3016c0052ae5a9f801d40cbfec51c2310c467711	pending	-
vrl/scripts/common/online.py	d35ce6b1526d316c3fd40d9c5ddbdd925207c2e2	pending	-
vrl/scripts/data/__init__.py	790101a104d5cb41e7726c7e9a90f75df70d71b4	pending	-
vrl/scripts/data/bootstrap.py	6a0b41e427b335b089c10718a7144459c46803b6	pending	-
vrl/scripts/data/common.py	ce227fd5393e192e9321aece77d0baaf15d5ba1a	pending	-
vrl/scripts/data/danbooru/__init__.py	5854fb9be7cf4f37e65e8bc843202fb4f6f94482	pending	-
vrl/scripts/data/danbooru/__main__.py	2f44915fc5ad963d35626277be90d396f0a47e7a	pending	-
vrl/scripts/data/danbooru/anatomy.py	6c578dfcf3420818d8c90a5f8884112ef35065fa	pending	-
vrl/scripts/data/danbooru/assets.py	c98a41710100b58e9dfb05c38b76c990e41ca5e0	pending	-
vrl/scripts/data/danbooru/cli.py	60ea43b23e8e4b268227345c7f2584646dfbb887	pending	-
vrl/scripts/data/danbooru/config.py	67358c4b79a0944c023b792f399a02b5ab8d6dde	pending	-
vrl/scripts/data/danbooru/manifest_rows.py	07ac48cb96a7b4c560f0ea7eeaf7ed0811fcefe8	pending	-
vrl/scripts/data/danbooru/metadata.py	b5aeb641e6d709d91e831dccb8a405c04afddcd7	pending	-
vrl/scripts/data/danbooru/safety.py	173f136ee8513b7cf7a1fd994f08dd7334d595ed	pending	-
vrl/scripts/data/derive_text_video_targets.py	42d2a42abf6d84eecb3a34524c3a843be289717d	pending	-
vrl/scripts/data/jrdb.py	942e13787aff5df980919b8c8237f9c408342932	pending	-
vrl/scripts/data/pickapic.py	d652f7acf5a304aec2e8d23545b252fc4edd41d1	pending	-
vrl/scripts/data/setup.py	08c4a75e544e6cd3ba7479f7f5e6fdaac35b931b	pending	-
vrl/scripts/data/video_world/__init__.py	bc96842be1fdf051c1e0f768e74a41090859ded2	pending	-
vrl/scripts/data/video_world/cli.py	084cb324137e2f500014f1bf3fe04a23d613f0a8	pending	-
vrl/scripts/data/video_world/lerobot.py	f6bab1613cc4fc399de9416f88002350851eb88f	pending	-
vrl/scripts/data/video_world/manifests.py	30a3795fb62ea3850b69048d333431004ed5b01f	pending	-
vrl/scripts/data/videophy_i2v.py	39d9067de0ce6ee1c6c8edc56ba470da3a25bdd8	pending	-
vrl/scripts/denoise/__init__.py	3d4a3ab27eeaa717981740b46bcbd327b9be8db1	pending	-
vrl/scripts/denoise/encode_targets.py	915711e44802c2a2b9a74226a228b3c84bc77917	pending	-
vrl/scripts/eval/__init__.py	e522e07fc07b4622dd104f67184ab36aec76d9ee	pending	-
vrl/scripts/eval/_device.py	2e7a874426506e789dbfddf269e8056c752951ab	pending	-
vrl/scripts/eval/_kling_reward.py	00b123277899546c93f84434bba4cdce149446cd	pending	-
vrl/scripts/eval/_sampling.py	45fae9ef58a6ad50c01817000ff2f3d0d561edab	pending	-
vrl/scripts/eval/anima_exact_count_checkpoint_eval.py	e3ac0b7895198d9676b9e51fdbf42d45e713557a	pending	-
vrl/scripts/eval/anima_fixed_eval.py	52976e2b4cc2710bb8686f8a176b9d01acdc6542	pending	-
vrl/scripts/eval/cosmos_predict25_frame_prefix_gate.py	b3f02c192109649b3d454a335bf1a1fe57051f07	pending	-
vrl/scripts/eval/cosmos_predict25_kling_eval.py	e4a8e9d73743d6444db62eaae6d77e04663ac738	pending	-
vrl/scripts/eval/denoise_generation.py	deb0d92654feaebaf16af29b26a32c90936fc8e9	pending	-
vrl/scripts/eval/image_checkpoint_eval.py	0ac1923ca93648d9a708ed7ab5b8ab5368183763	pending	-
vrl/scripts/eval/image_statistics.py	07736cc832a05dbd42291d65d5473565a0b3c296	pending	-
vrl/scripts/eval/kling_reward_noise_gate.py	e1766cbd1b80448bfede052ca3085691dfbfe1a0	pending	-
vrl/scripts/eval/phymotion_score.py	898595b8995f071648f217cf9eae4879349eedd2	pending	-
vrl/scripts/eval/robotics_discrimination.py	c3116404ecba083e89a0736e6a22da8d56e53f6f	pending	-
vrl/scripts/eval/sana_aesthetic_checkpoint_eval.py	c47e20bdd27b71ca401a689425967c0e62066418	pending	-
vrl/scripts/eval/sana_aesthetic_curve_verdict.py	c2d535f72ad3a8c9ceafc69d17490a7f97b4f2a9	pending	-
vrl/scripts/eval/sana_aesthetic_report.py	0e399710ae081ee8d89073a362d4f5dab3282d09	pending	-
vrl/scripts/eval/sana_checkpoint_compare.py	54e29e59b78a73821ad5f427ea4431d99c75838c	pending	-
vrl/scripts/eval/sana_inference.py	10f546b3538931a2e846dc6e7af41465c58225f4	pending	-
vrl/scripts/eval/score_report.py	f0de434b880ac4ed955d11928d32bfc25a46928a	pending	-
vrl/scripts/eval/unified_reward_robotics_discrimination_probe.py	ea80b9d1533aa506925dc2836a976712967ff11f	pending	-
vrl/scripts/eval/video_reward_suite.py	35515b22ef9eae1f05b74d97ce99b8a472bdfb31	pending	-
vrl/scripts/eval/wan_hpsv3_checkpoint_eval.py	99ab5406b4397328338ae073f0413d34ddcb92b8	pending	-
vrl/scripts/eval/wan_i2v_base_sample.py	80cb73105cc39484548e14c4035f1a5e6a79c4a7	pending	-
vrl/scripts/eval/wan_robotics_checkpoint_eval.py	a77d88c6ad44279e4a68f0ca5db4af10f93c7e0a	pending	-
vrl/scripts/families/__init__.py	a029e1969c1077163c7055f2835c9cb9223668c7	pending	-
vrl/scripts/families/cosmos/__init__.py	1dbd5b686a4981256f1e75b2ccc392c8a7673c5e	pending	-
vrl/scripts/families/cosmos/anima/__init__.py	c67808620d327f4794c7fc43ba6f62597ae9d784	pending	-
vrl/scripts/families/cosmos/anima/generate.py	77fea577480caa0912d9d0156e315e1f1afbeb63	pending	-
vrl/scripts/families/cosmos/anima/generation_protocol.py	22e7159ba512265e72e20bdb334641bb204d3c32	pending	-
vrl/scripts/families/wan_2_1/__init__.py	002557fa0913be798ea6751258d2495623760ba1	pending	-
vrl/scripts/families/wan_2_1/train_dpo.py	b30095a74a777dedaded3c2d6aee6a1ef1d3455c	pending	-
vrl/scripts/generation/__init__.py	61365ad3b7f1c8441bee802ce7a8519e072542a7	pending	-
vrl/scripts/generation/full_sequence_denoise_probe.py	86aa1c2fe9d6752a18958077fa681acf21fbb6d0	pending	-
vrl/scripts/lint/__init__.py	9bf6b452fd2f44560d05c47c70bf403fc31b669c	pending	-
vrl/scripts/lint/dead_flags.py	40cffe17ea80c0fb9bcb830f5d79b20bf1f895d5	pending	-
vrl/scripts/perf/__init__.py	daa20449b6855cef917021e70ea7677db06746f1	pending	-
vrl/scripts/perf/backward_mfu_probe.py	b43b08862194244e71d65d47f16f22c1f9fdc551	pending	-
vrl/scripts/perf/common/__init__.py	b9d378f0c6fec8621f34c8f17f01f3da081be5b9	pending	-
vrl/scripts/perf/common/baseline.py	47cdada800f457745c11068ab8697156ae6bdb44	pending	-
vrl/scripts/perf/common/diffusion_benchmark.py	65c81086efbf7ab22f3460300c17263b442746b9	pending	-
vrl/scripts/perf/common/diffusion_runtime.py	802bf6872f0ad66d55ffbbca7393f8a7705e5d02	pending	-
vrl/scripts/perf/common/fp8_math.py	d33de16599f8010c5e070d0454eeee81b383733f	pending	-
vrl/scripts/perf/common/synthetic_diffusion.py	8b78328547c7252cf3c1adb9739f72782c19f36c	pending	-
vrl/scripts/perf/common/timing.py	1a643352dc0d7ab6d020dcc0c420b55d7e44dfe9	pending	-
vrl/scripts/perf/compile_benchmark.py	3dc402f817c519598abbd25a6c68ed3b529ecc25	pending	-
vrl/scripts/perf/gemm_projection_breakdown.py	69f21239eecf6b9a609e98377ad1c45d876981b0	pending	-
vrl/scripts/perf/generation_bottleneck_profile.py	084fdc336c932437692754af92a8707916c9fafb	pending	-
vrl/scripts/perf/gpm_sampler.py	e432fffda39faee2f014f7d710a6baab7e8d701d	pending	-
vrl/scripts/perf/gpu_duty_probe.py	41c05ea092b5914f744f1a884810c4215e9c8861	pending	-
vrl/scripts/perf/gpu_preflight.py	48e87e091510e12b9ad4edde6b1aa380b609c426	pending	-
vrl/scripts/perf/native_denoise_probe.py	5814c52fb0e2b6e360e819b6e9c2d81fd4424322	pending	-
vrl/scripts/perf/nsys_gpu_busy.py	a88de26cb920ef115890a404bea98fd57bc075fb	pending	-
vrl/scripts/perf/nsys_report.py	9501e3f2a0891bdd109dcb615db98200f713afdb	pending	-
vrl/scripts/perf/profile_smoke.py	e472929c226160de45804e7fb59717b7708a766b	pending	-
vrl/scripts/perf/quantized_linear_benchmark.py	6190210756ebdcd20e38e5e12ae4628413784526	pending	-
vrl/scripts/perf/quantized_rollout_drift_probe.py	628efeac4204a2c3c5248092d3ccd411f5cfc33e	pending	-
vrl/scripts/perf/quantized_sd3_forward_profile.py	fed4be9d1f65f6fe42e9390114640706f8c058e4	pending	-
vrl/scripts/perf/reward_overlap_benchmark.py	c4850881a80533e6ef9847ecf9204eef43071b81	pending	-
vrl/scripts/perf/teacache_drift_probe.py	69c514d41c19d723898cfc0d02fa1b5838035343	pending	-
vrl/scripts/perf/vllm_omni_diffusion_profile.py	8f07b450c544689fea8f49463264ffc78e42651d	pending	-
vrl/scripts/perf/weight_delivery_probe.py	a771559025ee8179143bfb509f25214787727689	pending	-
vrl/scripts/rewards/__init__.py	e69de29bb2d1d6434b8b29ae775ad8c2e48c5391	pending	-
vrl/scripts/rewards/countgd_environment_lock.py	2b662c3347a79df872948239286467c013ff2ae2	pending	-
vrl/scripts/rewards/idm_discrimination_probe.py	7e7ba947b729fe5b8523fdf756a58957c84e2a4e	pending	-
vrl/scripts/rewards/install_countgd.py	497ae403ad04ce08d8200ddea8755968b475b1f9	pending	-
vrl/scripts/rewards/preflight.py	d02bc13c9bc1dd41674579fbf2e32150f7eb2e44	pending	-
vrl/scripts/rewards/train_droid_idm.py	2f7ef15ba68b58d904bba9a5b900cdd048466f87	pending	-
vrl/scripts/supervise.py	11c38c8a97d8199209285cf83818b17252ad8d84	pending	-
vrl/scripts/train.py	ec8756531f53eac70c72580aa949cac17e30adaa	pending	-
vrl/trainers/__init__.py	32bb2778cdde4e39d2dd20135ea006c4d53ac9b0	pending	-
vrl/trainers/activation_checkpointing.py	8b927b6aa92096b39b37e5e52ecc32f50669a2f8	reviewed	checkpoint_followup.md
vrl/trainers/checkpointing.py	a00e90322a29005173e85fc406e2aa2b26435efa	pending	-
vrl/trainers/core/__init__.py	41edc4be5f15d75531362935a83f14d9685a9356	pending	-
vrl/trainers/core/types.py	f95db8586a7a6898ced8bc21cd06a7c55ce10d17	pending	-
vrl/trainers/data/__init__.py	bb7e467bb51468efe1d2863a9cc92db627a067a2	pending	-
vrl/trainers/data/artifacts.py	4724d9d285df0244ab10b520e0636be8a981b479	pending	-
vrl/trainers/data/preferences.py	d7d504d0fb47e4d0e3d1e6db907d519e69726ed9	pending	-
vrl/trainers/data/prompt_sampler.py	b07a1aa117d8bc15b8167068416f993784210015	pending	-
vrl/trainers/data/prompts.py	2cc8154bbe10ff1fa763c49c855a2bd4dc1a5c3a	pending	-
vrl/trainers/data/provenance.py	be2b6eef34a114d1103f4c1dc76f32143dc6dfe7	pending	-
vrl/trainers/data/sft_latents.py	43ffcdc153b599f8a255ead6eb0c3a07d6747512	pending	-
vrl/trainers/diagnostics.py	909f1069a7ed49ab2caaba01b3e81f758ce6bd56	pending	-
vrl/trainers/distributed.py	78e868e22dabd7d9a1c2790a3e4571f9d6a44edf	pending	-
vrl/trainers/fsdp.py	4953f817d2d34fac7a92a65c226a9ac8af8593e0	pending	-
vrl/trainers/metrics_io.py	747f995cb560c6ee772b17bd593935c2e89c5276	pending	-
vrl/trainers/offline/__init__.py	6fef898238a387b1f0092780b24ed1bc2d66fa78	pending	-
vrl/trainers/offline/dpo.py	a4cc3e58a089a794cf68e254a10b1489ba9442fa	pending	-
vrl/trainers/online/__init__.py	fce9b169cf6cd342e0d3fa6ee5c57217938578fd	pending	-
vrl/trainers/online/config.py	a891b64232703e0426a015240d7e9e61b2fd9ee6	pending	-
vrl/trainers/online/ema.py	71b02686a63a9e19cd8a83a7c6e4c1a53dac14f3	pending	-
vrl/trainers/online/precision_guard.py	98c961a131a6f12584e23030dec714d8f57feabb	pending	-
vrl/trainers/online/trainer.py	5b3ebee4e571b20f35f9f3f4223471196488c9ef	pending	-
vrl/trainers/optimizer.py	d1c4eaa42d68c7849180ad05da784dcf63b68df5	pending	-
vrl/trainers/strategy.py	841fbfda73cae20399101fc3169bfa435d8a3ffa	pending	-
vrl/trainers/trace.py	50e7e6645993f4973c8902d823ae8314059f2f7f	pending	-
vrl/trainers/weight_sync.py	aafc78ba693681ce0c34455f7e88fd34ccc6683a	pending	-
vrl/trajectory/__init__.py	8d98a2057416dce58df1966a3901d8fdf42fd6b0	reviewed	trajectory.md; open builder findings tracked separately
vrl/trajectory/builders.py	ffb01fed68d3fe662ee06ed447c62e4d426eaac0	reviewed	trajectory.md; open builder findings tracked separately
vrl/trajectory/device.py	e2c6fad050793931d0239a71146b76a585d803a8	reviewed	trajectory.md; open builder findings tracked separately
vrl/trajectory/reader.py	f0f6de3876a5d056444e7b3d97cf47a3583652e0	reviewed	trajectory.md; open builder findings tracked separately
vrl/trajectory/storage.py	b94865459c0a1d2cc7ad783aea5cfeca95fb1936	reviewed	trajectory.md; open builder findings tracked separately
vrl/trajectory/types.py	092eada2e889d46504b451a6e8f32d5a03674bf5	reviewed	trajectory.md; open builder findings tracked separately
vrl/trajectory/validation.py	bf9338ede77bbff5ae84735896cbc01eedbcd86f	reviewed	trajectory.md; open builder findings tracked separately
vrl/trajectory/views.py	513ae9172ad4c6a24cb2eb0d7ba32bc4f53fe7a9	reviewed	trajectory.md; open builder findings tracked separately
vrl/utils/__init__.py	f46a82a3c0e7d3ebeef27ac134c99ffbd3e82ecb	reviewed	utils.md; consumer and compatibility follow-ups tracked
vrl/utils/artifacts.py	7908487a98a0f272123914632a2a52e36d1ac87a	reviewed	utils.md; consumer and compatibility follow-ups tracked
vrl/utils/config.py	d4afecfba71e039cd4e54d9820f58da75e1ed41c	reviewed	utils.md; consumer and compatibility follow-ups tracked
vrl/utils/cuda_memory.py	967250ad70fad512aa2b7079bbaba424f53b5dbf	reviewed	utils.md; consumer and compatibility follow-ups tracked
vrl/utils/deadline.py	824355a3144c6af73bc168e38d5c715dcb20429c	reviewed	utils.md; consumer and compatibility follow-ups tracked
vrl/utils/json_files.py	b3a09c8167ae47afa7247b87843ab700c9fc19fe	reviewed	utils.md; consumer and compatibility follow-ups tracked
vrl/utils/lifecycle.py	05155ead67706175cae2c3b3962c847e8398330a	reviewed	utils.md; consumer and compatibility follow-ups tracked
vrl/utils/logging.py	fe4d272929028c65af033c1efd0c499ce4442458	reviewed	utils.md; consumer and compatibility follow-ups tracked
vrl/utils/media.py	2743fc89f748bd537aefdf26e32ea5b6fff67307	reviewed	utils.md; consumer and compatibility follow-ups tracked
vrl/utils/memory.py	f37312698cedfb829d3fdd33bf9925cbd59b1b28	reviewed	utils.md; consumer and compatibility follow-ups tracked
vrl/utils/profiling.py	38d88e8e0246247a8502ce7259a0e34826315ea3	reviewed	utils.md; consumer and compatibility follow-ups tracked
vrl/utils/validation.py	f58369011ff18beb20f94c37be9f9c79486adaa0	reviewed	utils.md; consumer and compatibility follow-ups tracked
